venue,entry_type,num_papers,scimago_quartile,core_rank,notes
IEEE Access,article,14,q1,,
IEEE Transactions on Software Engineering,article,9,q1,,
"Computers, Materials and Continua",article,7,q2,,
Information and Software Technology,article,7,q1,,
International Journal of Software Engineering and Knowledge Engineering,article,5,q3,,
IEEE Transactions on Services Computing,article,3,q1,,
International Journal of Computer Applications,article,3,not_idx,,
International journal of intelligent engineering and systems,article,3,q3,,
ACM Trans. Softw. Eng. Methodol.,article,2,q1,,
Indian Journal of Science and Technology,article,2,not_idx,,
International Journal for Research in Applied Science and Engineering Technology,article,2,not_idx,,
International Journal of Emerging Trends in Engineering Research,article,2,not_idx,,
International Journal of Software Engineering & Applications,article,2,not_idx,,
Journal of Computer Science,article,2,not_idx,,
Journal of Intelligent & Fuzzy Systems,article,2,q3,,
Journal of Systems and Software,article,2,q1,,
Lecture Notes in Networks and Systems,article,2,q4,,
Software Testing Verification and Reliability,article,2,q2,,
2010 International Conference on Communication and Computational Intelligence (INCOCCI),article,1,,not_idx,
2013 IEEE 9th International Conference on Emerging Technologies (ICET),inproceedings,1,,not_idx,
2014 4th World Congress on Information and Communication Technologies (WICT 2014),inproceedings,1,,not_idx,
2014 IEEE International Advance Computing Conference (IACC),inproceedings,1,,not_idx,
2016 International Computer Symposium (ICS),inproceedings,1,,not_idx,
2016 International Conference on Open Source Systems & Technologies (ICOSST),inproceedings,1,,not_idx,
2017 International Conference on Intelligent Computing and Control Systems (ICICCS),inproceedings,1,,not_idx,
"2017 International Conference on Software Analysis, Testing and Evolution (SATE)",inproceedings,1,,not_idx,
"2018 IEEE 25th International Conference on Software Analysis, Evolution and Reengineering (SANER)",inproceedings,1,,a,
2018 IEEE/ACM 13th International Workshop on Automation of Software Test (AST),inproceedings,1,,workshop,
2019 International Conference on Frontiers of Information Technology (FIT),inproceedings,1,,not_idx,
"2020 IEEE 13th International Conference on Software Testing, Validation and Verification (ICST)",inproceedings,1,,a,
2021 2nd Asia Service Sciences and Software Engineering Conference,inproceedings,1,,not_idx,
2022 19th International Bhurban Conference on Applied Sciences and Technology (IBCAST),inproceedings,1,,not_idx,
"2022 IEEE Conference on Software Testing, Verification and Validation (ICST)",inproceedings,1,,a,
"2024 IEEE 48th Annual Computers, Software, and Applications Conference (COMPSAC)",inproceedings,1,,b,
"2025 25th International Conference on Software Quality, Reliability and Security (QRS)",inproceedings,1,,c,
2025 7th International Conference on Natural Language Processing (ICNLP),inproceedings,1,,not_idx,
2025 IEEE International Conference on Vehicular Electronics and Safety (ICVES),inproceedings,1,,not_idx,
2025 IEEE/ACM 22nd International Conference on Mining Software Repositories (MSR),inproceedings,1,,a,
"2025 Intelligent Methods, Systems, and Applications​ (IMSA)",inproceedings,1,,not_idx,
2026 IEEE International Conference for Convergence in Computing Technology (I3CTCON),inproceedings,1,,not_idx,
2026 International Conference on Visual Analytics and Data Visualization (ICVADV),inproceedings,1,,not_idx,
ACM Comput. Surv.,article,1,q1,,
ACM SIGSOFT Software Engineering Notes,article,1,not_idx,,
ACM Transactions on Software Engineering and Methodology,article,1,q1,,
"AISTA 2021 - Proceedings of the 1st ACM International Workshop on AI and Software Testing/Analysis, co-located with ECOOP/ISSTA 2021",conference,1,,workshop,
Applied Sciences (Switzerland),article,1,q2,,
Applied Soft Computing,article,1,q1,,
CINECA IRIS Institutional Research Information System (University of Basilicata),article,1,not_idx,,
Communications in Computer and Information Science,article,1,q4,,
Computer Systems Science and Engineering,article,1,not_idx,,
Computing and Informatics / Computers and Artificial Intelligence,article,1,not_idx,,
DOAJ (DOAJ: Directory of Open Access Journals),article,1,not_idx,,
Eksploatacja i Niezawodnosc - Maintenance and Reliability,article,1,not_idx,,
GAZI UNIVERSITY JOURNAL OF SCIENCE,article,1,q2,,
IEEE Transactions on Reliability,article,1,q1,,
IEICE Transactions on Information and Systems,article,1,q3,,
IET Software,article,1,not_idx,,
IOSR Journal of Computer Engineering,article,1,not_idx,,
Intelligent Automation & Soft Computing,article,1,q3,,
International Journal of ADVANCED AND APPLIED SCIENCES,article,1,q3,,
International Journal of Advanced Science and Technology,article,1,not_idx,,
International Journal of Advanced Technology and Engineering Exploration,article,1,q3,,
International Journal of Advanced Trends in Computer Science and Engineering,article,1,not_idx,,
International Journal of Applied Metaheuristic Computing,article,1,q4,,
International Journal of Applied Science and Engineering,article,1,q3,,
International Journal of Computer Aided Engineering and Technology,article,1,q4,,
International Journal of Computer Science Engineering and Applications,article,1,not_idx,,
International Journal of Computer Science and Informatics,article,1,not_idx,,
International Journal of Database Theory and Application,article,1,not_idx,,
International Journal of Distributed Systems and Technologies,article,1,q4,,
International Journal of Engineering & Technology,article,1,not_idx,,
International Journal of Information System Modeling and Design,article,1,q4,,
International Journal of Information Technology,article,1,not_idx,,
International Journal of Information Technology Project Management,article,1,q3,,
International Journal of Innovative Computing,article,1,not_idx,,
International Journal of Innovative Technology and Exploring Engineering,article,1,not_idx,,
International Journal of Intelligent Engineering and Systems,article,1,q3,,
International Journal of Mathematical Sciences and Computing,article,1,not_idx,,
International Journal of Open Source Software and Processes,article,1,q4,,
International Journal of Science and Engineering Applications,article,1,not_idx,,
International Journal of Software Engineering and Its Applications,article,1,not_idx,,
International Journal of Software Innovation,article,1,q4,,
International Journal of Systems Assurance Engineering and Management,article,1,not_idx,,
International Journal of Web Services Research,article,1,q3,,
International Journal of e-Collaboration,article,1,q4,,
International Journal on Smart Sensing and Intelligent Systems,article,1,q3,,
International journal of intelligent computing and information sciences/International Journal of Intelligent Computing and Information Sciences,article,1,not_idx,,
JUCS - Journal of Universal Computer Science,article,1,not_idx,,
Jisuanji Xuebao/Chinese Journal of Computers,article,1,q3,,
Journal of Computers Mechanical and Management,article,1,q3,,
Journal of Information System Research (JOSH),article,1,not_idx,,
Journal of Software Engineering and Applications,article,1,not_idx,,
Journal of Statistics and Management Systems,article,1,not_idx,,
Journal of Theoretical and Applied Information Technology,article,1,q4,,
KMUTNB International Journal of Applied Science and Technology,article,1,not_idx,,
Logic Journal of IGPL,article,1,q2,,
Mobile Information Systems,article,1,not_idx,,
Network Computation in Neural Systems,article,1,q4,,
Procedia Computer Science,article,1,q4,,
"Proceedings - 2024 IEEE 48th Annual Computers, Software, and Applications Conference, COMPSAC 2024",conference,1,,b,
Proceedings - International Computer Software & Applications Conference,article,1,,not_idx,
Proceedings of the 11th Asia-Pacific Symposium on Internetware,inproceedings,1,,not_idx,
Proceedings of the 12th ACM/IEEE International Symposium on Empirical Software Engineering and Measurement,inproceedings,1,,a,
Proceedings of the 12th Asia-Pacific Symposium on Internetware,inproceedings,1,,not_idx,
Proceedings of the 13th International Workshop on Automation of Software Test,inproceedings,1,,workshop,
Proceedings of the 14th ACM / IEEE International Symposium on Empirical Software Engineering and Measurement (ESEM),inproceedings,1,,a,
Proceedings of the 14th Innovations in Software Engineering Conference (Formerly Known as India Software Engineering Conference),inproceedings,1,,not_idx,
Proceedings of the 18th International Conference on Predictive Models and Data Analytics in Software Engineering,inproceedings,1,,not_idx,
Proceedings of the 1st ACM International Workshop on AI and Software Testing/Analysis,inproceedings,1,,not_idx,
Proceedings of the 2017 11th Joint Meeting on Foundations of Software Engineering,inproceedings,1,,a_star,
Proceedings of the 23rd International Conference on Software Engineering. ICSE 2001,article,1,,a_star,
Proceedings of the 26th International Conference on Evaluation and Assessment in Software Engineering,inproceedings,1,,a,
Proceedings of the 27th ACM International Systems and Software Product Line Conference - Volume A,inproceedings,1,,not_idx,
Proceedings of the 2nd ACM International Workshop on AI and Software Testing/Analysis,inproceedings,1,,not_idx,
Proceedings of the 33rd Annual ACM Symposium on Applied Computing,inproceedings,1,,not_idx,
Proceedings of the 36th International Conference on Software Engineering,inproceedings,1,,a_star,
Proceedings of the 41st International Conference on Software Engineering,inproceedings,1,,a_star,
"Proceedings of the 5th International Conference on Algorithms, Computing and Systems",inproceedings,1,,not_idx,
Proceedings of the 7th International Workshop on Feature-Oriented Software Development,inproceedings,1,,not_idx,
Proceedings of the 9th International Workshop on Automation of Software Test,inproceedings,1,,workshop,
Proceedings of the Genetic and Evolutionary Computation Conference,inproceedings,1,,not_idx,
Proceedings of the XXXVI Brazilian Symposium on Software Engineering,inproceedings,1,,not_idx,
Proceedings/Proceedings of the ... International Conference on Software Engineering and Knowledge Engineering,article,1,,c,
Quality and Reliability Engineering International,article,1,q2,,
Ruan Jian Xue Bao/Journal of Software,article,1,q4,,
SIGSOFT Softw. Eng. Notes,article,1,not_idx,,
Science of Computer Programming,article,1,q3,,
Software & Systems Modeling,article,1,q2,,
Software Practice and Experience,article,1,q2,,
Swinburne Research Bank (Swinburne University of Technology),article,1,not_idx,,
TURKISH JOURNAL OF ELECTRICAL ENGINEERING & COMPUTER SCIENCES,article,1,q2,,
Technium Romanian Journal of Applied Sciences and Technology,article,1,not_idx,,
The 2nd European Symposium on Computer and Communications,inproceedings,1,,c,
